break_p_per_qtr,approx_annual,monthlyS_nobreaker,monthlyS_breaker
0.0,0.0,2.5446814334957395,2.4110997998547203
0.02,0.07763184000000012,2.2580349486471616,2.3044139494799425
0.05,0.18549375000000012,1.6860530835661542,2.1073587205207
0.1,0.3439,0.7992698406555094,1.8565887915321404
0.2,0.5903999999999999,-0.45639724176139523,1.2250894363628622
