freq,test_bars,lookback,horizon,mean_floor,sd,nsurr
1H,2160,240,48,0.9818910403782334,0.26454096429349555,200
4H,540,60,24,1.6062641478061308,0.3941636900071116,200
1D,220,30,10,1.5067960737946018,0.4471932253018159,200
